{
	"format_version": "1.8.0",
	"animations": {
		"staff.idle": {
			"loop": true,
			"animation_length": 5,
			"bones": {
				"Staff_1": {
					"rotation": {
						"0.0": [-95.17813, -12.31219, -97.57953],
						"0.0417": [-94.86685, -12.3121, -97.57955],
						"0.0833": [-94.19574, -12.31191, -97.57959],
						"0.2917": [-89.50957, -12.31054, -97.57989],
						"0.3333": [-88.66245, -12.31029, -97.57994],
						"0.375": [-87.99132, -12.31009, -97.57998],
						"0.4167": [-87.68, -12.31, -97.58],
						"0.4583": [-83.58122, -12.37858, -93.47766],
						"0.5": [-76.85033, -12.49114, -86.74098],
						"0.5417": [-69.23686, -12.61838, -79.12101],
						"0.5833": [-61.14865, -12.75347, -71.02596],
						"0.625": [-52.76113, -12.89349, -62.63141],
						"0.6667": [-44.17134, -13.0368, -54.03448],
						"0.7083": [-35.4392, -13.18239, -45.29515],
						"0.9583": [18.11104, -14.07267, 8.29721],
						"1.0417": [35.84583, -14.36607, 26.04485],
						"1.0833": [44.57942, -14.51012, 34.78443],
						"1.125": [53.17109, -14.65143, 43.3817],
						"1.1667": [61.561, -14.78889, 51.77667],
						"1.2083": [69.65227, -14.92072, 59.87225],
						"1.25": [77.26975, -15.04364, 67.4929],
						"1.2917": [84.00625, -15.15011, 74.23048],
						"1.3333": [88.11458, -15.20764, 78.33384],
						"1.375": [84.7775, -14.99654, 74.98797],
						"1.4167": [79.59719, -14.6797, 69.80192],
						"1.4583": [73.84562, -14.33012, 64.0456],
						"1.5": [67.79015, -13.96315, 57.98592],
						"1.5417": [61.54066, -13.5851, 51.73259],
						"2.0417": [-18.12672, -8.7855, -27.96949],
						"2.2083": [-44.62985, -7.19217, -54.4817],
						"2.2917": [-57.4978, -6.41891, -67.35381],
						"2.3333": [-63.74963, -6.0433, -73.6076],
						"2.375": [-69.808, -5.67936, -79.66784],
						"2.4167": [-75.56332, -5.33367, -85.4249],
						"2.4583": [-80.74886, -5.02225, -90.61199],
						"2.5": [-84.09597, -4.82127, -93.96006],
						"3.0417": [-86.55057, -6.48044, -94.76174],
						"3.5833": [-89.22357, -8.28724, -95.63476],
						"4.125": [-91.90592, -10.10036, -96.51082],
						"4.6667": [-94.51337, -11.86286, -97.36242],
						"4.8333": [-95.17813, -12.31219, -97.57953]
					},
					"position": {
						"0.0": [0, 0, 0],
						"0.0417": [0, -0.325, -0.13542],
						"0.0833": [0, -0.88895, -0.37039],
						"0.125": [0, -1.53951, -0.64146],
						"0.1667": [0, -2.23693, -0.93205],
						"0.2083": [0, -2.96333, -1.23472],
						"0.25": [0, -3.70863, -1.54526],
						"0.4583": [0, -7.53375, -3.13906],
						"0.5": [0, -8.29137, -3.45474],
						"0.5417": [0, -9.03667, -3.76528],
						"0.5833": [0, -9.76307, -4.06795],
						"0.625": [0, -10.46049, -4.35854],
						"0.6667": [0, -11.11105, -4.62961],
						"0.7083": [0, -11.675, -4.86458],
						"0.75": [0, -12, -5],
						"1.2917": [0, -12, -5],
						"1.5": [0, -12, -5],
						"1.5417": [0, -11.89911, -4.95796],
						"2.0833": [0, -9.99987, -4.16661],
						"2.625": [0, -8.00813, -3.33672],
						"3.1667": [0, -5.99999, -2.5],
						"3.7083": [0, -3.99186, -1.66327],
						"4.25": [0, -2.00012, -0.83338],
						"4.6667": [0, -0.51159, -0.21316],
						"4.7917": [0, -0.10088, -0.04203],
						"4.8333": [0, 0, 0]
					}
				},
				"Staff_2": {
					"rotation": {
						"0.2917": [82.32187, -12.31219, -277.57953],
						"0.75": [80.07208, -12.31022, -277.57995],
						"0.8333": [79.82, -12.31, -277.58],
						"0.875": [83.97705, -12.37858, -273.4777],
						"0.9167": [90.80361, -12.49113, -266.74109],
						"0.9583": [98.52528, -12.61837, -259.12121],
						"1.0": [106.72844, -12.75347, -251.02626],
						"1.0417": [115.23515, -12.89349, -242.63182],
						"1.0833": [123.94701, -13.03679, -234.03499],
						"1.125": [132.80324, -13.18238, -225.29578],
						"1.375": [187.11446, -14.07265, -171.70408],
						"1.4583": [205.10127, -14.36605, -153.95663],
						"1.5": [213.95898, -14.51009, -145.21713],
						"1.5417": [222.67276, -14.6514, -136.61994],
						"1.5833": [231.18192, -14.78887, -128.22502],
						"1.625": [239.38823, -14.92069, -120.12945],
						"1.6667": [247.11406, -15.04362, -112.50875],
						"1.7083": [253.94652, -15.15008, -105.77094],
						"1.75": [258.11458, -15.20764, -101.66616],
						"1.7917": [254.72893, -14.99654, -105.01203],
						"1.8333": [249.47336, -14.6797, -110.19808],
						"1.875": [243.63825, -14.33012, -115.9544],
						"1.9167": [237.49486, -13.96315, -122.01408],
						"1.9583": [231.15463, -13.5851, -128.26741],
						"2.4583": [150.33077, -8.7855, -207.96949],
						"2.625": [123.44296, -7.19217, -234.4817],
						"2.7083": [110.38824, -6.41891, -247.35381],
						"2.75": [104.04567, -6.0433, -253.6076],
						"2.7917": [97.89937, -5.67936, -259.66784],
						"2.8333": [92.06052, -5.33367, -265.4249],
						"2.875": [86.79972, -5.02225, -270.61199],
						"2.9167": [83.40403, -4.82127, -273.96006],
						"3.4583": [83.13461, -6.68628, -274.8612],
						"4.0": [82.84022, -8.7241, -275.84584],
						"4.5417": [82.5466, -10.75661, -276.82791],
						"4.9583": [82.33522, -12.21979, -277.53489],
						"5.0": [82.32187, -12.31219, -277.57953]
					},
					"position": {
						"0.2917": [0, 0, 0],
						"0.3333": [0, -0.19321, 0.12076],
						"0.375": [0, -0.5143, 0.32143],
						"0.4167": [0, -0.87908, 0.54942],
						"0.4583": [0, -1.26736, 0.7921],
						"0.8333": [0, -5.07222, 3.17014],
						"1.0": [0, -6.73264, 4.2079],
						"1.0417": [0, -7.12092, 4.45058],
						"1.0833": [0, -7.4857, 4.67857],
						"1.125": [0, -7.80679, 4.87924],
						"1.1667": [0, -8, 5],
						"1.7083": [0, -8, 5],
						"1.9167": [0, -8, 5],
						"1.9583": [0, -7.92826, 4.95516],
						"2.5": [0, -6.55693, 4.09808],
						"3.0417": [0, -5.11642, 3.19776],
						"3.5833": [0, -3.66482, 2.29051],
						"4.125": [0, -2.21616, 1.3851],
						"4.6667": [0, -0.79035, 0.49397],
						"4.9167": [0, -0.16573, 0.10358],
						"4.9583": [0, -0.07173, 0.04483],
						"5.0": [0, 0, 0]
					}
				},
				"staff": {
					"position": [0, -12, 0],
					"scale": 0.6
				}
			}
		},
		"staff.attack": {
			"animation_length": 1.7667,
			"bones": {
				"Staff_1": {
					"rotation": {
						"0.0": [26.15697, -119.76212, 163.79878],
						"0.0333": [26.96535, -120.0454, 163.34294],
						"0.0667": [28.46502, -120.57093, 162.49728],
						"0.1": [30.24541, -121.19484, 161.49331],
						"0.1333": [32.18417, -121.87424, 160.40005],
						"0.4667": [53.99568, -129.5177, 148.10053],
						"0.5667": [60.30562, -131.7289, 144.54236],
						"0.6": [62.24438, -132.4083, 143.44909],
						"0.6333": [64.02477, -133.03221, 142.44513],
						"0.6667": [65.52444, -133.55774, 141.59947],
						"0.7": [66.33282, -133.84103, 141.14362],
						"0.7333": [64.26876, -131.052, 138.08224],
						"0.7667": [60.0651, -125.37187, 131.84744],
						"0.8": [54.8606, -118.33938, 124.12821],
						"0.8333": [49.07529, -110.52208, 115.54753],
						"0.8667": [42.92444, -102.21085, 106.4247],
						"0.9": [36.54016, -93.5842, 96.95564],
						"1.0333": [10.31086, -58.1423, 58.05278],
						"1.0667": [3.92658, -49.51566, 48.58373],
						"1.1": [-2.22427, -41.20443, 39.46089],
						"1.1333": [-8.00958, -33.38713, 30.88022],
						"1.1667": [-13.21408, -26.35463, 23.16098],
						"1.2": [-17.41774, -20.6745, 16.92618],
						"1.2333": [-19.48181, -17.88548, 13.8648],
						"1.2667": [-16.16074, -22.67119, 19.03612],
						"1.3": [-5.52589, -37.99599, 35.59668],
						"1.3333": [12.02878, -63.29168, 62.93498],
						"1.3667": [32.65147, -93.00712, 95.05582],
						"1.4": [50.20338, -118.29588, 122.40148],
						"1.4333": [60.83354, -133.60894, 138.9745],
						"1.4667": [64.14889, -138.38034, 144.16103],
						"1.5": [61.01891, -139.14559, 147.54773],
						"1.5333": [52.64314, -141.22146, 156.59435],
						"1.5667": [40.52027, -144.23407, 169.68358],
						"1.6": [26.14898, -147.80949, 185.19809],
						"1.6333": [11.0281, -151.57379, 201.5204],
						"1.6667": [-3.34269, -155.15281, 217.03212],
						"1.7": [-15.46453, -158.17261, 230.11576],