{
	"format_version": "1.8.0",
	"animations": {
		"staff.idle": {
			"loop": true,
			"animation_length": 5,
			"bones": {
				"Staff_1": {
					"rotation": {
						"0.0": [-95.17813, -12.31219, -97.57953],
						"0.0417": [-94.86685, -12.3121, -97.57955],
						"0.0833": [-94.19573, -12.31191, -97.57959],
						"0.2917": [-89.50952, -12.31054, -97.57989],
						"0.3333": [-88.6624, -12.31029, -97.57994],
						"0.375": [-87.99128, -12.31009, -97.57998],
						"0.4167": [-87.68, -12.31, -97.58],
						"0.4583": [-83.58124, -12.37858, -93.47768],
						"0.5": [-76.8504, -12.49113, -86.74105],
						"0.5417": [-69.23699, -12.61837, -79.12114],
						"0.5833": [-61.14885, -12.75347, -71.02616],
						"0.625": [-52.7614, -12.89349, -62.63168],
						"0.6667": [-44.17168, -13.0368, -54.03482],
						"0.7083": [-35.43962, -13.18239, -45.29557],
						"0.9583": [18.11018, -14.07265, 8.29635],
						"1.0417": [35.84484, -14.36605, 26.04386],
						"1.0833": [44.57838, -14.5101, 34.78339],
						"1.125": [53.17, -14.65141, 43.38061],
						"1.1667": [61.55988, -14.78888, 51.77555],
						"1.2083": [69.65114, -14.9207, 59.87112],
						"1.25": [77.26866, -15.04363, 67.4918],
						"1.2917": [84.0053, -15.15009, 74.22954],
						"1.3333": [88.11458, -15.20764, 78.33384],
						"1.375": [84.7775, -14.99654, 74.98796],
						"1.4167": [79.59717, -14.6797, 69.8019],
						"1.4583": [73.84558, -14.33012, 64.04556],
						"1.5": [67.79009, -13.96315, 57.98586],
						"1.5417": [61.54059, -13.5851, 51.73251],
						"2.0417": [-18.12705, -8.78548, -27.96982],
						"2.2083": [-44.63026, -7.19215, -54.4821],
						"2.2917": [-57.49823, -6.41888, -67.35424],
						"2.3333": [-63.75006, -6.04327, -73.60804],
						"2.375": [-69.80844, -5.67933, -79.66828],
						"2.4167": [-75.56373, -5.33365, -85.42532],
						"2.4583": [-80.74923, -5.02223, -90.61236],
						"2.5": [-84.09597, -4.82127, -93.96006],
						"3.0417": [-86.55057, -6.48044, -94.76174],
						"3.5833": [-89.22356, -8.28724, -95.63475],
						"4.125": [-91.9059, -10.10035, -96.51081],
						"4.6667": [-94.51336, -11.86285, -97.36242],
						"4.8333": [-95.17813, -12.31219, -97.57953]
					},
					"position": {
						"0.0": [0, 0, 0],
						"0.0417": [0, -0.325, -0.13542],
						"0.0833": [0, -0.88895, -0.37039],
						"0.125": [0, -1.53951, -0.64146],
						"0.1667": [0, -2.23693, -0.93205],
						"0.2083": [0, -2.96333, -1.23472],
						"0.25": [0, -3.70863, -1.54526],
						"0.4583": [0, -7.53375, -3.13906],
						"0.5": [0, -8.29137, -3.45474],
						"0.5417": [0, -9.03667, -3.76528],
						"0.5833": [0, -9.76307, -4.06795],
						"0.625": [0, -10.46049, -4.35854],
						"0.6667": [0, -11.11105, -4.62961],
						"0.7083": [0, -11.675, -4.86458],
						"0.75": [0, -12, -5],
						"1.2917": [0, -12, -5],
						"1.5": [0, -12, -5],
						"1.5417": [0, -11.89911, -4.95796],
						"2.0833": [0, -9.99987, -4.16661],
						"2.625": [0, -8.00814, -3.33672],
						"3.1667": [0, -6, -2.5],
						"3.7083": [0, -3.99186, -1.66328],
						"4.25": [0, -2.00013, -0.83339],
						"4.6667": [0, -0.51161, -0.21317],
						"4.7917": [0, -0.10089, -0.04204],
						"4.8333": [0, 0, 0]
					}
				},
				"Staff_2": {
					"rotation": {
						"0.2917": [82.32187, -12.31219, -277.57953],
						"0.75": [80.07211, -12.31022, -277.57995],
						"0.8333": [79.82, -12.31, -277.58],
						"0.875": [83.97706, -12.37858, -273.47768],
						"0.9167": [90.80365, -12.49113, -266.74105],
						"0.9583": [98.52535, -12.61837, -259.12114],
						"1.0": [106.72854, -12.75347, -251.02616],
						"1.0417": [115.23528, -12.89349, -242.63168],
						"1.0833": [123.94719, -13.0368, -234.03482],
						"1.125": [132.80345, -13.18239, -225.29557],
						"1.375": [187.11489, -14.07265, -171.70365],
						"1.4583": [205.10177, -14.36605, -153.95614],
						"1.5": [213.95951, -14.5101, -145.21661],
						"1.5417": [222.67331, -14.65141, -136.61939],
						"1.5833": [231.18249, -14.78888, -128.22445],
						"1.625": [239.3888, -14.9207, -120.12888],
						"1.6667": [247.11461, -15.04363, -112.5082],
						"1.7083": [253.947, -15.15009, -105.77046],
						"1.75": [258.11458, -15.20764, -101.66616],
						"1.7917": [254.72892, -14.99654, -105.01204],
						"1.8333": [249.47334, -14.6797, -110.1981],
						"1.875": [243.63821, -14.33012, -115.95444],
						"1.9167": [237.4948, -13.96315, -122.01414],
						"1.9583": [231.15455, -13.5851, -128.26749],
						"2.4583": [150.33044, -8.78548, -207.96982],
						"2.625": [123.44255, -7.19215, -234.4821],
						"2.7083": [110.3878, -6.41888, -247.35424],
						"2.75": [104.04523, -6.04327, -253.60804],
						"2.7917": [97.89893, -5.67933, -259.66828],
						"2.8333": [92.0601, -5.33365, -265.42532],
						"2.875": [86.79934, -5.02223, -270.61236],
						"2.9167": [83.40403, -4.82127, -273.96006],
						"3.4583": [83.13461, -6.68628, -274.8612],
						"4.0": [82.84022, -8.7241, -275.84583],
						"4.5417": [82.5466, -10.7566, -276.8279],
						"4.9583": [82.33522, -12.21978, -277.53488],
						"5.0": [82.32187, -12.31219, -277.57953]
					},
					"position": {
						"0.2917": [0, 0, 0],
						"0.3333": [0, -0.19321, 0.12076],
						"0.375": [0, -0.5143, 0.32143],
						"0.4167": [0, -0.87908, 0.54942],
						"0.4583": [0, -1.26736, 0.7921],
						"0.8333": [0, -5.07222, 3.17014],
						"1.0": [0, -6.73264, 4.2079],
						"1.0417": [0, -7.12092, 4.45058],
						"1.0833": [0, -7.4857, 4.67857],
						"1.125": [0, -7.80679, 4.87924],
						"1.1667": [0, -8, 5],
						"1.7083": [0, -8, 5],
						"1.9167": [0, -8, 5],
						"1.9583": [0, -7.92826, 4.95516],
						"2.5": [0, -6.55693, 4.09808],
						"3.0417": [0, -5.11642, 3.19776],
						"3.5833": [0, -3.66483, 2.29052],
						"4.125": [0, -2.21617, 1.38511],
						"4.6667": [0, -0.79036, 0.49397],
						"4.9167": [0, -0.16574, 0.10359],
						"4.9583": [0, -0.07174, 0.04484],
						"5.0": [0, 0, 0]
					}
				},
				"staff": {
					"scale": 0.5
				}
			}
		},
		"staff.attack": {
			"animation_length": 1.7667,
			"bones": {
				"Staff_1": {
					"rotation": {
						"0.0": [26.15697, -119.76212, 163.79878],
						"0.0333": [26.96535, -120.0454, 163.34294],
						"0.0667": [28.46502, -120.57093, 162.49728],
						"0.1": [30.24541, -121.19484, 161.49331],
						"0.1333": [32.18417, -121.87424, 160.40005],
						"0.4667": [53.99568, -129.5177, 148.10053],
						"0.5667": [60.30562, -131.7289, 144.54236],
						"0.6": [62.24438, -132.4083, 143.44909],
						"0.6333": [64.02477, -133.03221, 142.44513],
						"0.6667": [65.52444, -133.55774, 141.59947],
						"0.7": [66.33282, -133.84103, 141.14362],
						"0.7333": [64.26876, -131.052, 138.08224],
						"0.7667": [60.0651, -125.37187, 131.84744],
						"0.8": [54.8606, -118.33938, 124.12821],
						"0.8333": [49.07529, -110.52208, 115.54753],
						"0.8667": [42.92444, -102.21085, 106.4247],
						"0.9": [36.54016, -93.5842, 96.95564],
						"1.0333": [10.31086, -58.1423, 58.05278],
						"1.0667": [3.92658, -49.51566, 48.58373],
						"1.1": [-2.22427, -41.20443, 39.46089],
						"1.1333": [-8.00958, -33.38713, 30.88022],
						"1.1667": [-13.21408, -26.35463, 23.16098],
						"1.2": [-17.41774, -20.6745, 16.92618],
						"1.2333": [-19.48181, -17.88548, 13.8648],
						"1.2667": [-16.16074, -22.67119, 19.03612],
						"1.3": [-5.52589, -37.99599, 35.59668],
						"1.3333": [12.02878, -63.29168, 62.93498],
						"1.3667": [32.65147, -93.00712, 95.05582],
						"1.4": [50.20338, -118.29588, 122.40148],
						"1.4333": [60.83354, -133.60894, 138.9745],
						"1.4667": [64.14889, -138.38034, 144.16103],
						"1.5": [61.01891, -139.14559, 147.54773],
						"1.5333": [52.64314, -141.22146, 156.59435],
						"1.5667": [40.52027, -144.23407, 169.68358],
						"1.6": [26.14898, -147.80949, 185.19809],
						"1.6333": [11.0281, -151.57379, 201.5204],
						"1.6667": [-3.34269, -155.15281, 217.03212],
						"1.7": [-15.46453, -158.17261, 230.11576],
						"1.7333": [-23.83875, -160.25928, 239.15399],