{
	"format_version": "1.8.0",
	"animations": {
		"sword.idle": {
			"loop": true,
			"bones": {
				"standard": {
					"rotation": [27.5, 0, 0],
					"position": [0, -6, 0],
					"scale": 0.75
				},
				"move": {
					"position": [0, -2, 0]
				}
			}
		},
		"sword.attack.normal": {
			"animation_length": 0.3333,
			"bones": {
				"core": {
					"position": [0, 4, 0]
				},
				"standard": {
					"rotation": [-41.58607, 11.54101, 80.05],
					"position": [9, -9, 4],
					"scale": 0.75
				},
				"move": {
					"rotation": {
						"0.0": [9.85108, 1.72794, -9.85108],
						"0.0667": [61.03858, 73.03191, 50.53528],
						"0.1": [116.86666, 71.52376, 108.98788],
						"0.1333": [165.39155, 47.30925, 159.00387],
						"0.2333": [165.10867, -48.28362, 181.07583]
					}
				}
			}
		},
		"sword.attack.normal.1": {
			"animation_length": 0.3333,
			"bones": {
				"core": {
					"position": [0, 4, 0]
				},
				"standard": {
					"rotation": [-32.25253, 8.05106, -92.42776],
					"position": [-8, -9, 6],
					"scale": 0.75
				},
				"move": {
					"rotation": {
						"0.0": [12.39638, -1.61888, 7.32417],
						"0.0667": [31.69526, -65.89396, -21.7277],
						"0.1": [92.41225, -71.95245, -84.97001],
						"0.1333": [151.77064, -63.02047, -146.75227],
						"0.2333": [165.52709, 30.83811, -179.85722]
					}
				}
			}
		},
		"sword.idle.skill": {
			"loop": true,
			"animation_length": 2.1333,
			"bones": {
				"standard": {
					"rotation": [27.5, 0, 0],
					"position": [0, -6, 0],
					"scale": 0.75
				},
				"move": {
					"position": {
						"0.0": [0, 0, 0],
						"1.0667": [0, 1, -1],
						"2.1333": [0, 0, 0]
					}
				},
				"core": {
					"position": [0, -2, 0]
				}
			}
		},
		"sword.skill.start": {
			"animation_length": 0.6667,
			"bones": {
				"standard": {
					"rotation": [92.5, 0, 0],
					"position": [0, -6, 0],
					"scale": 0.75
				},
				"move": {
					"rotation": [0, -90, 0],
					"position": {
						"0.0": [0, 3, -4],
						"0.5333": [-17, 3, -4]
					}
				}
			}
		},
		"sword.attack.skill": {
			"animation_length": 0.3333,
			"bones": {
				"core": {
					"position": [0, 4, 0]
				},
				"standard": {
					"rotation": [-41.58607, 11.54101, 80.05],
					"position": [9, -9, 4],
					"scale": 0.75
				},
				"move": {
					"rotation": {
						"0.0": [9.85108, 1.72794, -9.85108],
						"0.0667": [61.03858, 73.03191, 50.53528],
						"0.1": [116.86666, 71.52376, 108.98788],
						"0.1333": [165.39155, 47.30925, 159.00387],
						"0.2333": [165.10867, -48.28362, 181.07583]
					}
				}
			}
		},
		"sword.attack.skill.1": {
			"animation_length": 0.3333,
			"bones": {
				"core": {
					"position": [0, 4, 0]
				},
				"standard": {
					"rotation": [-32.25253, 8.05106, -92.42776],
					"position": [-8, -9, 6],
					"scale": 0.75
				},
				"move": {
					"rotation": {
						"0.0": [12.39638, -1.61888, 7.32417],
						"0.0667": [31.69526, -65.89396, -21.7277],
						"0.1": [92.41225, -71.95245, -84.97001],
						"0.1333": [151.77064, -63.02047, -146.75227],
						"0.2333": [165.52709, 30.83811, -179.85722]
					}
				}
			}
		}
	}
}