{
	"format_version": "1.8.0",
	"animations": {
		"sword.idle": {
			"loop": true,
			"bones": {
				"core": {
					"rotation": [45, 0, 0],
					"position": [0, -9, -1]
				},
				"standard": {
					"rotation": [0, 90, 0],
					"scale": 0.75
				}
			}
		},
		"sword.attack.normal": {
			"animation_length": 0.3333,
			"bones": {
				"core": {
					"position": [0, 0, 0]
				},
				"standard": {
					"rotation": [-87.39755, 49.38326, 3.54424],
					"position": [9, -9, 4],
					"scale": 0.75
				},
				"move": {
					"rotation": {
						"0.0": [9.85108, 1.72794, -9.85108],
						"0.0667": [61.03858, 73.03191, 50.53528],
						"0.1": [116.86666, 71.52376, 108.98788],
						"0.1333": [165.39155, 47.30925, 159.00387],
						"0.2333": [165.10867, -48.28362, 181.07583]
					}
				}
			}
		},
		"sword.attack.normal.1": {
			"animation_length": 0.3333,
			"bones": {
				"core": {
					"position": [0, 0, 0]
				},
				"standard": {
					"rotation": [-89.189, 58.09955, -176.42199],
					"position": [-8, -9, 6],
					"scale": 0.75
				},
				"move": {
					"rotation": {
						"0.0": [12.39638, -1.61888, 7.32417],
						"0.0667": [31.69526, -65.89396, -21.7277],
						"0.1": [92.41225, -71.95245, -84.97001],
						"0.1333": [151.77064, -63.02047, -146.75227],
						"0.2333": [165.52709, 30.83811, -179.85722]
					}
				}
			}
		}
	}
}