{
	"format_version": "1.8.0",
	"animations": {
		"blade.active": {
			"loop": "hold_on_last_frame",
			"animation_length": 0.3333,
			"bones": {
				"blade": {
					"rotation": {
						"0.0": [0, 132.5, 0],
						"0.1333": [0, 0, 0],
						"0.3333": [0, -25.28, 0]
					},
					"position": {
						"0.0": [0, 15, 0],
						"0.1333": [0, 4.82, 0],
						"0.3333": [0, 2.82, 0]
					}
				},
				"display": {
					"rotation": [-32.3423, 2.55868, 7.05239],
					"position": {
						"0.0": [0, 0, 0],
						"0.2333": [0, 0, -5]
					},
					"scale": {
						"0.0": [0, 0, 0],
						"0.1667": [5, 5, 5]
					}
				}
			}
		}
	}
}