{
	"format_version": "1.8.0",
	"animations": {
		"blade.active": {
			"animation_length": 0.375,
			"bones": {
				"blade": {
					"rotation": {
						"0.0": [0, -92.5, 0],
						"0.2917": [0, 172.5, 0]
					},
					"position": {
						"0.0": [0, 18, 0],
						"0.375": [0, -10, 0]
					}
				},
				"display": {
					"rotation": [-32.3423, 2.55868, 7.05239],
					"position": {
						"0.0": [0, 0, 0],
						"0.25": [0, 0, -5]
					},
					"scale": {
						"0.0": [0, 0, 0],
						"0.0833": [5, 5, 5],
						"0.25": [1, 1, 1],
						"0.375": [0, 0, 0]
					}
				}
			}
		}
	}
}