{
	"format_version": "1.8.0",
	"animations": {
		"blade.active": {
			"loop": "hold_on_last_frame",
			"animation_length": 1,
			"bones": {
				"blade": {
					"scale": {
						"0.0": [0.01, 0.01, 0.01],
						"0.0167": [0.03538, 0.03538, 0.03538],
						"0.0333": [0.11268, 0.11268, 0.11268],
						"0.05": [0.2427, 0.2427, 0.2427],
						"0.0667": [0.4239, 0.4239, 0.4239],
						"0.0833": [0.65139, 0.65139, 0.65139],
						"0.1": [0.91635, 0.91635, 0.91635],
						"0.1167": [1.20592, 1.20592, 1.20592],
						"0.1333": [1.50408, 1.50408, 1.50408],
						"0.15": [1.79365, 1.79365, 1.79365],
						"0.1667": [2.05861, 2.05861, 2.05861],
						"0.1833": [2.2861, 2.2861, 2.2861],
						"0.2": [2.4673, 2.4673, 2.4673],
						"0.2167": [2.59732, 2.59732, 2.59732],
						"0.2333": [2.67462, 2.67462, 2.67462],
						"0.25": [2.7, 2.7, 2.7]
					}
				},
				"outer": {
					"scale": {
						"0.0": [0.01, 0.01, 0.01],
						"0.0167": [0.0012, 0.0012, 0.0012],
						"0.0333": [-0.03654, -0.03654, -0.03654],
						"0.05": [-0.27295, -0.27295, -0.27295],
						"0.0667": [-0.19406, -0.19406, -0.19406],
						"0.1": [0.1, 0.1, 0.1],
						"0.1167": [0.25549, 0.25549, 0.25549],
						"0.1333": [0.43385, 0.43385, 0.43385],
						"0.15": [0.64096, 0.64096, 0.64096],
						"0.1667": [0.88144, 0.88144, 0.88144],
						"0.1833": [1.14719, 1.14719, 1.14719],
						"0.2": [1.39723, 1.39723, 1.39723],
						"0.2167": [1.58206, 1.58206, 1.58206],
						"0.2333": [1.69656, 1.69656, 1.69656],
						"0.25": [1.76056, 1.76056, 1.76056],
						"0.2667": [1.79138, 1.79138, 1.79138],
						"0.2833": [1.8, 1.8, 1.8],
						"0.5": [1.85455, 1.85455, 1.85455],
						"0.7167": [1.92425, 1.92425, 1.92425],
						"0.9333": [1.98874, 1.98874, 1.98874],
						"1.0": [2, 2, 2]
					}
				},
				"inner": {
					"scale": {
						"0.0": [0.5, 0.5, 0.5],
						"0.0167": [0.5066, 0.5066, 0.5066],
						"0.0333": [0.52672, 0.52672, 0.52672],
						"0.05": [0.56055, 0.56055, 0.56055],
						"0.0667": [0.60771, 0.60771, 0.60771],
						"0.0833": [0.66691, 0.66691, 0.66691],
						"0.1": [0.73585, 0.73585, 0.73585],
						"0.15": [0.96415, 0.96415, 0.96415],
						"0.1667": [1.03309, 1.03309, 1.03309],
						"0.1833": [1.09229, 1.09229, 1.09229],
						"0.2": [1.13945, 1.13945, 1.13945],
						"0.2167": [1.17328, 1.17328, 1.17328],
						"0.2333": [1.1934, 1.1934, 1.1934],
						"0.25": [1.2, 1.2, 1.2],
						"0.4667": [1.25185, 1.25185, 1.25185],
						"0.6833": [1.31792, 1.31792, 1.31792],
						"0.9": [1.38097, 1.38097, 1.38097],
						"1.0": [1.4, 1.4, 1.4]
					}
				}
			}
		}
	}
}