{
	"format_version": "1.8.0",
	"animations": {
		"blade.active": {
			"animation_length": 0.3333,
			"bones": {
				"blade": {
					"rotation": {
						"0.0": [0, -132.5, 0],
						"0.1333": [0, 0, 0],
						"0.3333": [0, 25.28, 0]
					},
					"position": {
						"0.0": [0, 15, 0],
						"0.1333": [0, 4.82, 0],
						"0.3333": [0, 2.82, 0]
					}
				},
				"display": {
					"rotation": [-24.66569, -4.20854, -9.07947],
					"position": {
						"0.0": [0, 0, 0],
						"0.2": [0, 0, -5]
					},
					"scale": {
						"0.0": [0, 0, 0],
						"0.1667": [3, 3, 3]
					}
				}
			}
		}
	}
}