{
	"format_version": "1.8.0",
	"animations": {
		"misc.work": {
			"loop": true,
			"animation_length": 1.44,
			"bones": {
				"screen": {
					"rotation": {
						"vector": [70, 0, 0]
					},
					"position": {
						"vector": [0, -0.25, 0]
					}
				},
				"print": {
					"position": {
						"0.0": {
							"vector": [0, 0, 0]
						},
						"0.04": {
							"vector": [0, 0, -0.17023]
						},
						"0.08": {
							"vector": [0, 0, -0.69871]
						},
						"0.16": {
							"vector": [0, 0, -2.30129]
						},
						"0.2": {
							"vector": [0, 0, -2.82977]
						},
						"0.24": {
							"vector": [0, 0, -3]
						},
						"0.28": {
							"vector": [0, 0, -2.60211]
						},
						"0.32": {
							"vector": [0, 0, -1.71959]
						},
						"0.36": {
							"vector": [0, 0, -0.58839]
						},
						"0.4": {
							"vector": [0, 0, 0.67614]
						},
						"0.48": {
							"vector": [0, 0, 3.32386]
						},
						"0.52": {
							"vector": [0, 0, 4.58839]
						},
						"0.56": {
							"vector": [0, 0, 5.71959]
						},
						"0.6": {
							"vector": [0, 0, 6.60211]
						},
						"0.64": {
							"vector": [0, 0, 7]
						},
						"0.68": {
							"vector": [0, 0, 6.67472]
						},
						"0.72": {
							"vector": [0, 0, 5.86011]
						},
						"0.76": {
							"vector": [0, 0, 4.74992]
						},
						"0.84": {
							"vector": [0, 0, 2.25008]
						},
						"0.88": {
							"vector": [0, 0, 1.13989]
						},
						"0.92": {
							"vector": [0, 0, 0.32528]
						},
						"0.96": {
							"vector": [0, 0, 0]
						},
						"1.0": {
							"vector": [0, 0, -0.17023]
						},
						"1.04": {
							"vector": [0, 0, -0.69871]
						},
						"1.12": {
							"vector": [0, 0, -2.30129]
						},
						"1.16": {
							"vector": [0, 0, -2.82977]
						},
						"1.2": {
							"vector": [0, 0, -3]
						},
						"1.24": {
							"vector": [0, 0, -2.82977]
						},
						"1.28": {
							"vector": [0, 0, -2.30129]
						},
						"1.36": {
							"vector": [0, 0, -0.69871]
						},
						"1.4": {
							"vector": [0, 0, -0.17023]
						},
						"1.44": {
							"vector": [0, 0, 0]
						}
					}
				},
				"bone": {
					"position": {
						"0.0": {
							"vector": [0, 0, 0]
						},
						"0.04": {
							"vector": [0, 0.02837, 0]
						},
						"0.08": {
							"vector": [0, 0.11645, 0]
						},
						"0.16": {
							"vector": [0, 0.38355, 0]
						},
						"0.2": {
							"vector": [0, 0.47163, 0]
						},
						"0.24": {
							"vector": [0, 0.5, 0]
						},
						"0.28": {
							"vector": [0, 0.51989, 0]
						},
						"0.32": {
							"vector": [0, 0.56402, 0]
						},
						"0.52": {
							"vector": [0, 0.87942, 0]
						},
						"0.56": {
							"vector": [0, 0.93598, 0]
						},
						"0.6": {
							"vector": [0, 0.98011, 0]
						},
						"0.64": {
							"vector": [0, 1, 0]
						},
						"0.68": {
							"vector": [0, 0.91868, 0]
						},
						"0.72": {
							"vector": [0, 0.71503, 0]
						},
						"0.76": {
							"vector": [0, 0.43748, 0]
						},
						"0.84": {
							"vector": [0, -0.18748, 0]
						},
						"0.88": {
							"vector": [0, -0.46503, 0]
						},
						"0.92": {
							"vector": [0, -0.66868, 0]
						},
						"0.96": {
							"vector": [0, -0.75, 0]
						},
						"1.0": {
							"vector": [0, -0.72373, 0]
						},
						"1.04": {
							"vector": [0, -0.67004, 0]
						},
						"1.32": {
							"vector": [0, -0.14623, 0]
						},
						"1.36": {
							"vector": [0, -0.07996, 0]
						},
						"1.4": {
							"vector": [0, -0.02627, 0]
						},
						"1.44": {
							"vector": [0, 0, 0]
						}
					}
				},
				"fix": {
					"position": {
						"0.0": {
							"vector": [0, -5, 0]
						},
						"1.44": {
							"vector": [0, 11, 0]
						}
					}
				},
				"fix2": {
					"position": {
						"0.0": {
							"vector": [0, -5, 0]
						},
						"1.44": {
							"vector": [0, 10, 0]
						}
					}
				},
				"fix3": {
					"position": {
						"0.0": {
							"vector": [0, -5, 0]
						},
						"1.44": {
							"vector": [0, 8, 0]
						}
					}
				},
				"weapon2": {
					"position": {
						"0.0": {
							"vector": [0, 0, 0]
						},
						"0.52": {
							"vector": [0, 1.5, -1]
						},
						"1.44": {
							"vector": [0, 1.5, -6]
						}
					},
					"scale": {
						"0.0": {
							"vector": [0, 0, 0]
						},
						"0.04": {
							"vector": [0, 0, 0]
						},
						"0.52": {
							"vector": [1, 1, 1]
						},
						"1.44": {
							"vector": [1, 1, 0]
						}
					}
				},
				"weapon": {
					"position": {
						"0.0": {
							"vector": [0, 0, 0]
						},
						"0.52": {
							"vector": [0, 2, 0]
						},
						"1.44": {
							"vector": [0, 2, -6]
						}
					},
					"scale": {
						"0.0": {
							"vector": [0, 0, 0]
						},
						"0.04": {
							"vector": [1, 1, 1]
						},
						"0.52": {
							"vector": [1, 1, 1]
						},
						"1.44": {
							"vector": [1, 1, 0]
						}
					}
				},
				"black": {
					"scale": {
						"vector": [1, 1, 0]
					}
				}
			}
		},
		"op.open": {
			"loop": "hold_on_last_frame",
			"animation_length": 0.24,
			"bones": {
				"screen": {
					"rotation": {
						"0.0": {
							"vector": [0, 0, 0]
						},
						"0.04": {
							"vector": [3.97214, 0, 0]
						},
						"0.08": {
							"vector": [16.30329, 0, 0]
						},
						"0.16": {
							"vector": [53.69671, 0, 0]
						},
						"0.2": {
							"vector": [66.02786, 0, 0]
						},
						"0.24": {
							"vector": [70, 0, 0]
						}
					},
					"position": {
						"0.0": {
							"vector": [0, 0, 0]
						},
						"0.04": {
							"vector": [0, -0.01419, 0]
						},
						"0.08": {
							"vector": [0, -0.05823, 0]
						},
						"0.16": {
							"vector": [0, -0.19177, 0]
						},
						"0.2": {
							"vector": [0, -0.23581, 0]
						},
						"0.24": {
							"vector": [0, -0.25, 0]
						}
					}
				},
				"black": {
					"scale": {
						"0.12": {
							"vector": [1, 1, 1]
						},
						"0.24": {
							"vector": [1, 1, 0]
						}
					}
				},
				"fix_0": {
					"position": {
						"vector": [0, -5, 0]
					},
					"scale": {
						"vector": [0, 0, 0]
					}
				}
			}
		},
		"op.close": {
			"loop": "hold_on_last_frame",
			"animation_length": 0.24,
			"bones": {
				"screen": {
					"rotation": {
						"0.0": {
							"vector": [70, 0, 0]
						},
						"0.04": {
							"vector": [66.02786, 0, 0]
						},
						"0.08": {
							"vector": [53.69671, 0, 0]
						},
						"0.16": {
							"vector": [16.30329, 0, 0]
						},
						"0.2": {
							"vector": [3.97214, 0, 0]
						},
						"0.24": {
							"vector": [0, 0, 0]
						}
					},
					"position": {
						"0.0": {
							"vector": [0, -0.25, 0]
						},
						"0.04": {
							"vector": [0, -0.23581, 0]
						},
						"0.08": {
							"vector": [0, -0.19177, 0]
						},
						"0.16": {
							"vector": [0, -0.05823, 0]
						},
						"0.2": {
							"vector": [0, -0.01419, 0]
						},
						"0.24": {
							"vector": [0, 0, 0]
						}
					}
				},
				"black": {
					"scale": {
						"0.12": {
							"vector": [1, 1, 0]
						},
						"0.24": {
							"vector": [1, 1, 1]
						}
					}
				},
				"fix_0": {
					"position": {
						"vector": [0, -5, 0]
					},
					"scale": {
						"vector": [0, 0, 0]
					}
				}
			}
		},
		"misc.idle": {
			"loop": true,
			"bones": {
				"screen": {
					"rotation": {
						"vector": [0, 0, 0]
					},
					"position": {
						"vector": [0, 0, 0]
					}
				},
				"fix_0": {
					"position": {
						"vector": [0, -5, 0]
					},
					"scale": {
						"vector": [0, 0, 0]
					}
				}
			}
		}
	},
	"geckolib_format_version": 2
}